<?xml version="1.0" encoding="UTF-8"?>
<project-private xmlns="http://www.netbeans.org/ns/project-private/1">
    <editor-bookmarks xmlns="http://www.netbeans.org/ns/editor-bookmarks/2" lastBookmarkId="0"/>
    <open-files xmlns="http://www.netbeans.org/ns/projectui-open-files/2">
        <group>
            <file>file:/C:/Users/hp/OneDrive/Documents/NetBeansProjects/Automating%20Automata/src/automating/minimizer/State.java</file>
            <file>file:/C:/Users/hp/OneDrive/Documents/NetBeansProjects/Automating%20Automata/src/automating/minimizer/Group.java</file>
            <file>file:/C:/Users/hp/OneDrive/Documents/NetBeansProjects/Automating%20Automata/src/automating/automata/TakeInput.java</file>
            <file>file:/C:/Users/hp/OneDrive/Documents/NetBeansProjects/Automating%20Automata/src/automating/graphics/MainFrame.java</file>
            <file>file:/C:/Users/hp/OneDrive/Documents/NetBeansProjects/Automating%20Automata/src/automating/minimizer/before_minimization</file>
            <file>file:/C:/Users/hp/OneDrive/Documents/NetBeansProjects/Automating%20Automata/src/automating/minimizer/Main.java</file>
            <file>file:/C:/Users/hp/OneDrive/Documents/NetBeansProjects/Automating%20Automata/src/automating/minimizer/NFA_to_DFA.java</file>
            <file>file:/C:/Users/hp/OneDrive/Documents/NetBeansProjects/Automating%20Automata/src/automating/automata/Main.java</file>
            <file>file:/C:/Users/hp/OneDrive/Documents/NetBeansProjects/Automating%20Automata/src/automating/minimizer/DFA_Minimizer.java</file>
        </group>
    </open-files>
</project-private>
